gameId,gameDuraton,blueWins,blueFirstBlood,blueFirstTower,blueFirstBaron,blueFirstDragon,blueFirstInhibitor,blueDragonKills,blueBaronKills,blueTowerKills,blueInhibitorKills,blueWardPlaced,blueWardkills,blueKills,blueDeath,blueAssist,blueChampionDamageDealt,blueTotalGold,blueTotalMinionKills,blueTotalLevel,blueAvgLevel,blueJungleMinionKills,blueKillingSpree,blueTotalHeal,blueObjectDamageDealt,redWins,redFirstBlood,redFirstTower,redFirstBaron,redFirstDragon,redFirstInhibitor,redDragonKills,redBaronKills,redTowerKills,redInhibitorKills,redWardPlaced,redWardkills,redKills,redDeath,redAssist,redChampionDamageDealt,redTotalGold,redTotalMinionKills,redTotalLevel,redAvgLevel,redJungleMinionKills,redKillingSpree,redTotalHeal,redObjectDamageDealt
4247263043,1323,0,1,0,0,0,0,0,0,0,0,38,13,15,31,22,56039,37001,440,56,11.2,105,4,31035,5675,1,0,1,0,1,1,3,0,9,1,50,17,31,15,68,73016,49832,533,64,12.8,138,8,38711,60463
4247155821,1317,1,0,0,0,1,0,2,0,4,0,57,18,19,8,31,60243,41072,531,63,12.6,111,3,26397,45303,0,1,1,0,0,0,0,0,2,0,46,18,8,19,8,44218,37136,571,59,11.8,134,3,24829,14105
4243963257,932,0,0,0,0,0,0,0,0,0,0,28,7,5,20,8,24014,22929,306,42,8.4,64,0,6567,5651,1,1,1,0,1,1,2,0,5,1,40,9,20,5,20,30797,35364,400,50,10,89,5,12589,45201
4241678498,2098,0,0,0,1,1,0,1,1,2,0,129,39,26,36,45,101607,63447,774,80,16,226,3,24718,31019,1,1,1,0,0,0,3,1,6,0,96,56,36,26,72,125866,70528,832,84,16.8,205,9,65312,88202
4241538868,2344,1,1,1,1,1,1,2,2,11,3,114,35,27,40,47,134826,74955,831,83,16.6,252,5,37161,95287,0,0,0,0,0,0,3,1,6,1,100,43,40,27,83,131536,74596,794,85,17,227,7,86431,64141
4241394461,1567,1,1,1,0,0,1,2,0,8,1,65,23,26,18,43,59839,52221,576,66,13.2,171,9,40925,51855,0,0,0,0,1,0,1,0,2,0,58,18,18,26,34,64242,44280,555,61,12.2,140,3,23741,20132
4233222221,1686,0,0,1,0,0,0,0,0,2,0,72,26,16,31,30,70270,47107,601,65,13,136,5,20503,31788,1,1,0,1,1,1,4,1,7,1,72,29,31,16,59,78424,58032,640,73,14.6,214,5,31415,61040
4233113995,1588,1,1,1,1,0,1,2,1,10,2,79,39,36,20,88,102449,59163,613,71,14.2,157,7,28612,67404,0,0,0,0,1,0,2,0,1,0,76,28,20,36,30,62134,47408,608,63,12.6,133,5,27846,32107
4231100932,1618,1,1,1,1,0,1,3,1,8,1,89,57,26,25,44,77245,57940,704,71,14.2,144,5,29726,66468,0,0,0,0,1,0,1,0,2,0,96,33,25,26,34,69840,49906,646,69,13.8,159,6,32026,41601
4229230455,1126,1,0,1,0,1,0,1,0,4,0,43,20,20,11,34,56652,39014,486,57,11.4,115,5,17630,37483,0,1,0,0,0,0,0,0,1,0,47,19,11,20,13,32999,32064,461,53,10.6,92,3,23511,10775
4229039003,193,0,1,0,0,0,0,0,0,0,0,3,0,1,0,1,2128,4918,38,12,2.4,12,0,649,0,1,0,0,0,0,0,0,0,0,0,3,1,0,1,0,2035,4834,48,13,2.6,20,0,1269,0
4228952659,1201,1,1,1,0,1,1,2,0,9,2,41,14,25,9,24,45993,47084,536,61,12.2,162,4,21964,57122,0,0,0,0,0,0,0,0,0,0,28,10,9,25,8,33147,29885,455,52,10.4,80,4,4943,2301
4228244819,1262,1,0,0,0,1,1,3,0,7,1,49,16,21,7,38,57342,42933,509,61,12.2,129,4,13040,48691,0,1,1,0,0,0,0,0,3,0,43,17,7,21,5,35272,35372,506,54,10.8,113,2,17891,24158
4227123625,1429,0,1,1,0,0,0,0,0,4,0,75,33,7,19,13,42979,41910,646,60,12,180,2,15575,35335,1,0,0,0,1,0,3,0,2,0,89,37,19,7,45,53831,41991,609,64,12.8,127,4,12916,26338
4222795586,1628,1,1,0,1,0,1,3,1,10,1,59,28,35,22,56,95259,59286,678,77,15.4,167,5,33304,74196,0,0,1,0,1,0,1,0,3,0,61,21,22,35,32,84061,47977,587,67,13.4,142,4,23507,30036
4222632382,1692,0,0,0,0,0,0,0,0,3,0,78,30,21,32,35,73488,51403,669,71,14.2,149,4,15986,14767,1,1,1,1,1,1,4,1,8,1,68,40,32,21,59,83497,58613,628,74,14.8,207,9,27026,74931
4219736584,1903,0,0,1,0,1,0,2,0,3,0,75,54,26,37,46,95379,57588,677,76,15.2,194,7,29205,40743,1,1,0,1,0,1,3,2,10,2,87,28,37,27,82,108905,66567,659,83,16.6,198,8,30483,104351
4219647531,1381,1,1,1,1,1,1,2,1,7,2,51,13,33,12,61,81469,50766,494,70,14,172,6,26137,62484,0,0,0,0,0,0,1,0,0,0,58,19,12,33,26,50824,38976,546,60,12,118,3,26272,13907
4219545724,1313,0,0,1,0,0,0,0,0,3,0,45,13,6,22,9,36087,35880,563,56,11.2,119,1,13059,26348,1,1,0,0,1,0,2,0,1,0,64,20,22,6,43,52924,39672,510,63,12.6,133,4,12252,29828
4219463634,1660,1,0,0,1,1,1,1,1,9,2,66,31,30,13,61,64708,58214,651,74,14.8,209,7,37288,64577,0,1,1,0,0,0,2,0,3,0,78,16,13,30,22,61745,46516,630,65,13,153,2,17005,37066
4217069365,1221,1,1,1,0,1,0,2,0,3,0,54,19,17,7,39,46638,38849,509,59,11.8,147,5,18752,39086,0,0,0,0,0,0,0,0,0,0,48,23,7,17,14,35700,31037,490,52,10.4,96,1,10715,7370
4216998163,1356,0,0,0,0,1,0,2,0,3,0,55,19,11,23,9,50734,38528,511,58,11.6,158,5,18855,25271,1,1,1,0,0,1,1,0,6,1,59,28,23,11,37,55948,44756,538,62,12.4,111,5,23136,54578
4214820366,1491,1,1,1,1,1,1,3,1,10,3,69,33,25,13,56,72693,51886,599,70,14,150,5,28385,69003,0,0,0,0,0,0,0,0,0,0,56,25,13,25,32,50704,41280,564,64,12.8,125,3,25530,11274
4208036316,1209,0,0,0,0,0,0,2,0,0,0,55,26,8,15,16,30467,31597,454,53,10.6,113,2,15413,20504,1,1,1,0,1,0,1,0,5,0,55,29,15,8,25,39955,39460,540,59,11.8,125,4,9494,38632
4205806443,2224,1,1,0,0,0,1,1,1,8,2,111,46,25,29,30,102663,69308,849,86,17.2,214,7,41308,77705,0,0,1,1,1,0,4,1,5,1,113,41,29,25,65,112704,70036,821,85,17,227,7,44888,76199
4205778093,984,1,1,1,0,1,0,2,0,5,0,55,9,26,3,34,45772,36545,402,53,10.6,102,6,14093,31303,0,0,0,0,0,0,0,0,0,0,33,11,3,26,5,25007,21444,304,41,8.2,51,1,10499,3085
4205718397,1222,1,0,0,0,1,1,2,0,6,1,53,12,23,9,37,51535,40199,475,61,12.2,120,6,18157,43921,0,1,1,0,0,0,0,0,1,0,49,16,9,23,11,39497,33417,478,53,10.6,107,2,12724,16780
4205609024,1835,1,0,1,1,0,1,1,2,11,3,85,42,26,13,50,81075,62067,730,80,16,162,7,37491,79526,0,1,0,0,1,0,3,0,2,0,88,39,13,26,22,86161,49262,686,68,13.6,171,4,45952,34582
4201063474,1437,0,1,1,0,1,0,2,0,3,0,75,23,19,24,22,79501,42395,528,60,12,96,5,23863,30643,1,0,0,0,0,0,1,0,4,0,70,32,23,19,39,71794,45798,565,68,13.6,150,7,47523,47150
4201002719,1430,0,0,0,0,0,0,0,0,2,0,66,24,10,23,11,44351,38762,559,61,12.2,129,3,34497,20162,1,1,1,0,1,0,4,0,5,0,68,29,23,10,39,58361,46649,612,66,13.2,153,3,21811,55636
4200860184,1215,1,1,1,0,1,0,2,0,3,0,53,15,26,12,36,58591,41489,492,61,12.2,117,6,16169,33674,0,0,0,0,0,0,0,0,1,0,38,15,12,26,15,47066,35078,471,55,11,108,1,21121,20436
4191943697,2016,0,1,0,0,0,1,2,0,7,2,95,46,18,25,27,75809,61478,865,76,15.2,202,3,27206,61703,1,0,1,1,1,0,3,2,4,0,98,37,25,18,44,77016,67375,925,84,16.8,224,6,33906,69155
4191827488,1389,0,0,0,0,1,0,2,0,2,0,44,25,20,35,23,51562,40895,511,58,11.6,103,6,12052,29019,1,1,1,1,0,0,2,1,6,0,64,22,35,20,47,58967,50294,493,67,13.4,155,9,13261,57300
4186297500,1821,1,0,1,1,0,1,3,1,9,1,110,38,40,26,63,100283,66751,685,80,16,206,10,40282,67756,0,1,0,0,1,0,1,0,2,0,81,36,26,40,52,95700,55238,693,73,14.6,153,9,21801,32171
4186224914,1329,1,1,1,0,1,0,2,0,5,0,49,35,34,20,51,73518,48425,513,63,12.6,156,9,18428,46932,0,0,0,0,0,0,1,0,0,0,71,19,20,34,37,58659,41024,524,58,11.6,107,5,30770,18196
4186016838,2310,1,1,1,1,1,1,5,1,7,2,171,60,44,19,99,143619,77247,810,86,17.2,261,8,72639,82317,0,0,0,0,0,0,1,0,2,0,144,70,19,44,35,112214,63054,875,80,16,198,4,25385,24739
4185880938,1822,1,1,1,0,1,1,4,0,9,1,105,53,35,17,62,107076,61215,780,76,15.2,209,8,39301,65171,0,0,0,0,0,0,0,0,1,0,111,38,17,35,26,79191,48970,696,69,13.8,125,4,28271,11610
4183509170,1401,1,0,0,0,0,1,0,0,7,1,55,27,24,15,48,71476,46130,468,63,12.6,146,6,38890,33785,0,1,1,0,1,0,3,0,4,0,53,22,15,24,30,60017,41626,505,60,12,139,3,37676,40304
4183404231,1853,1,0,0,0,0,1,2,0,7,1,83,40,32,30,74,115967,60777,710,75,15,175,8,46400,52092,0,1,1,1,1,0,3,1,5,0,88,42,30,32,55,83508,59506,640,72,14.4,198,5,29061,70758
4169877994,1337,1,1,1,0,1,0,2,0,5,0,58,26,22,7,35,42259,44148,559,61,12.2,126,4,23681,49678,0,0,0,0,0,0,1,0,0,0,63,16,7,22,17,36870,35748,558,56,11.2,144,2,13796,13355
4169807983,1109,1,0,1,0,1,0,2,0,3,0,43,22,19,9,30,52628,37722,484,58,11.6,111,4,20715,38287,0,1,0,0,0,0,0,0,0,0,54,16,9,19,12,45339,29401,402,51,10.2,92,2,24150,11133
4169722149,1816,1,1,1,1,1,1,3,1,7,1,96,35,39,17,64,93498,62756,672,75,15,167,10,31411,66740,0,0,0,0,0,0,1,0,2,0,72,46,17,39,36,75832,51944,673,69,13.8,184,4,34082,21586
4169630150,962,1,1,1,0,1,0,2,0,4,0,51,20,11,2,16,24511,31868,462,52,10.4,122,3,12117,25936,0,0,0,0,0,0,0,0,1,0,45,19,2,11,2,14154,23972,413,45,9,72,1,16432,12154
4163513474,967,0,0,0,0,1,0,1,0,0,0,36,14,4,17,6,22356,23844,389,44,8.8,82,0,7752,8507,1,1,1,0,0,0,1,0,4,0,48,11,17,4,28,30214,33797,381,50,10,94,6,12682,30795
4161051062,2012,0,0,0,0,1,0,2,0,5,0,93,45,18,19,30,91768,55461,758,73,14.6,210,5,45967,59548,1,1,1,1,0,1,3,1,7,1,102,47,19,18,45,99244,60702,760,78,15.6,233,6,56644,65715
4160473191,2323,0,1,1,0,0,0,0,0,4,0,127,60,26,42,51,107890,68529,806,80,16,205,7,34545,52537,1,0,0,1,1,1,5,2,9,2,143,67,41,26,66,100213,76193,782,86,17.2,255,10,24666,119571
4158940409,1459,0,0,0,0,0,0,0,0,2,0,73,20,12,21,18,40148,40642,604,61,12.2,139,3,22666,29566,1,1,1,0,1,0,3,0,4,0,64,31,21,12,35,62586,47279,665,67,13.4,183,3,24143,37611
4158792026,1845,1,1,1,0,1,1,4,1,9,2,71,39,35,25,58,84049,65775,690,79,15.8,221,9,26997,89993,0,0,0,1,0,0,1,1,3,0,85,29,25,35,39,60275,60427,751,75,15,158,6,15773,40996
4158690093,1725,0,0,1,0,0,0,0,0,3,0,70,23,22,47,33,87569,50834,607,67,13.4,141,6,51908,17063,1,1,0,1,1,0,4,1,5,0,94,28,47,22,82,116385,60673,604,77,15.4,178,8,37887,55893
4150560544,951,0,0,0,0,1,0,1,0,0,0,37,18,1,12,3,23320,23282,411,46,9.2,116,0,11617,14852,1,1,1,0,0,0,1,0,1,0,43,13,12,1,13,30998,29217,427,50,10,89,5,12255,12166
4150339701,1348,1,1,1,0,1,1,2,0,8,1,59,11,36,22,54,78880,49800,450,63,12.6,144,8,16763,43836,0,0,0,0,0,0,1,0,1,0,58,20,22,36,36,55151,40584,421,56,11.2,67,5,18700,18398
4150233255,1318,0,1,0,0,0,0,1,0,0,0,55,22,11,28,10,43094,36504,550,57,11.4,136,1,25415,17679,1,0,1,1,1,0,2,1,4,0,60,26,28,11,53,64754,46471,568,64,12.8,136,7,20499,63488
4150072840,1172,1,1,1,0,0,0,1,0,3,0,47,18,21,9,34,55360,37633,446,57,11.4,93,6,23696,36279,0,0,0,0,1,0,2,0,0,0,49,17,8,21,9,29441,30278,449,52,10.4,98,0,8502,16177
4141879503,1925,1,1,1,1,1,1,2,1,8,2,89,44,23,23,51,101088,61668,752,76,15.2,221,6,36198,77293,0,0,0,0,0,0,3,1,2,0,111,41,23,23,59,86200,56827,707,78,15.6,171,6,38985,54391
4141756373,192,0,0,0,0,0,0,0,0,0,0,3,0,0,1,0,1326,4241,41,11,2.2,0,0,0,70,1,1,0,0,0,0,0,0,0,0,3,0,1,0,1,1570,5329,46,13,2.6,16,0,1438,0
4141536785,1458,0,0,0,0,1,0,1,0,3,0,60,12,14,26,19,55453,41875,547,61,12.2,131,4,23694,29489,1,1,1,1,0,1,2,1,8,1,65,28,26,14,44,67695,51277,616,69,13.8,152,6,26798,59482
4139317309,1978,0,0,0,0,1,0,3,0,1,0,123,70,5,26,7,46052,51635,864,73,14.6,164,1,18583,44759,1,1,1,1,0,1,2,2,11,3,136,73,26,5,56,66690,68226,876,82,16.4,268,7,26297,93491
4137337572,1545,0,0,1,0,0,0,0,0,3,0,67,31,11,36,16,58678,42389,562,61,12.2,103,2,39094,21263,1,1,0,1,1,1,3,1,9,1,65,22,35,11,54,83288,56787,617,72,14.4,206,9,31019,73473
4137221905,1562,1,0,0,1,0,1,1,1,7,1,69,31,21,16,45,64963,50886,607,70,14,147,4,29133,57632,0,1,1,0,1,0,3,0,4,0,72,33,16,21,25,61379,45821,609,63,12.6,159,2,13375,50216
4136497029,1151,0,0,0,0,0,0,0,0,0,0,53,20,7,21,9,29304,29816,444,49,9.8,102,1,10143,4986,1,1,1,0,1,1,2,0,7,1,55,23,21,7,49,42003,39142,444,55,11,100,6,25040,44024
4135625642,1736,0,1,0,0,1,0,2,0,2,0,90,28,17,36,23,76424,48024,637,67,13.4,151,3,33041,27338,1,0,1,1,0,1,2,1,9,1,85,34,36,17,65,106685,59370,608,75,15,170,7,32671,61562
4135631513,968,0,0,0,0,0,0,0,0,0,0,37,11,2,15,3,23588,22713,333,46,9.2,89,0,13239,9328,1,1,1,0,1,0,2,0,3,0,45,11,15,2,14,32716,31323,415,51,10.2,90,3,15966,25276
4135503804,2236,1,0,0,1,0,1,3,1,9,2,157,43,29,15,69,116394,68766,797,82,16.4,244,7,57011,71630,0,1,1,0,1,0,2,1,4,0,117,87,15,29,33,112249,63635,901,79,15.8,229,4,21672,48738
4135463990,1373,1,1,1,1,0,0,1,1,4,0,58,27,17,8,23,52567,43422,516,65,13,171,4,23594,54129,0,0,0,0,1,0,1,0,1,0,54,16,8,17,6,31689,35316,542,57,11.4,134,1,15599,19223
4132750156,1182,1,1,1,0,1,1,2,0,8,1,40,24,23,10,33,47775,42571,481,59,11.8,104,5,15183,59853,0,0,0,0,0,0,0,0,1,0,51,12,10,23,11,37419,31830,442,51,10.2,102,2,8953,7801
4132662255,1224,0,0,0,0,0,0,0,0,1,0,44,22,8,18,11,37524,32004,477,52,10.4,104,2,9602,9600,1,1,1,0,1,0,3,0,4,0,61,17,18,8,35,39241,39771,458,56,11.2,126,4,28212,45280
4131438536,1413,0,0,1,0,0,0,0,0,5,0,63,20,13,26,16,41623,42040,598,58,11.6,121,3,13604,36218,1,1,0,1,1,0,4,1,3,0,64,31,26,13,48,62545,48790,577,67,13.4,165,3,28818,57603
4131349884,2036,0,0,1,0,0,0,1,0,4,0,97,31,28,40,53,98479,59822,645,71,14.2,197,8,30050,36188,1,1,0,1,1,1,4,2,7,1,100,37,40,29,88,117873,68170,656,80,16,199,10,35604,86402
4131228269,1979,1,0,1,1,1,1,3,1,9,2,133,46,30,20,48,105407,67195,810,80,16,232,7,52924,77344,0,1,0,0,0,0,1,1,1,0,81,51,20,30,50,112952,59231,820,79,15.8,200,3,40247,48867
4131183383,1473,1,1,1,1,0,1,2,1,9,2,61,24,35,17,35,77143,54193,586,69,13.8,161,9,29311,66138,0,0,0,0,1,0,1,0,0,0,57,26,17,35,24,59054,41460,520,61,12.2,123,4,26826,11415
4130838785,1150,1,1,1,0,0,1,2,0,6,1,41,20,29,9,34,47509,43119,469,57,11.4,124,7,12832,50467,0,0,0,0,1,0,1,0,1,0,41,13,9,29,10,32096,32005,447,52,10.4,93,0,10209,15732
4127304820,1531,1,1,1,1,1,1,3,1,7,2,70,24,21,14,42,57928,48084,531,65,13,159,6,28757,66342,0,0,0,0,0,0,1,0,3,0,60,21,14,21,21,55084,42163,542,61,12.2,123,4,18558,20661
4127195860,1497,1,1,1,1,0,1,2,1,8,1,77,32,31,19,53,63954,53275,524,67,13.4,145,8,35633,59869,0,0,0,0,1,0,2,0,1,0,70,27,19,32,30,57847,42816,529,59,11.8,163,3,21014,42800
4127134706,1313,0,0,0,0,0,0,0,0,0,0,51,11,8,27,12,39989,33809,477,55,11,102,3,13506,12966,1,1,1,1,1,1,3,1,9,1,43,27,27,8,42,60370,47382,546,65,13,162,7,27396,75368
4127017961,1600,0,0,0,0,1,0,1,0,2,0,70,21,9,23,9,57565,44729,672,65,13,168,0,16502,30221,1,1,1,1,0,1,3,1,7,2,67,29,23,9,25,56860,54748,707,73,14.6,205,6,43859,73526
4126859718,1973,0,0,0,0,0,0,2,0,2,0,101,49,8,18,13,69814,52038,870,73,14.6,195,1,44002,32693,1,1,1,1,1,1,3,2,11,3,121,49,18,8,36,79403,63448,846,81,16.2,250,3,39654,105063
4126778547,1213,0,0,0,0,0,0,0,0,1,0,54,19,17,34,28,44499,36745,410,52,10.4,106,4,16709,19224,1,1,1,0,1,1,2,0,7,2,51,18,34,17,53,68601,47034,497,62,12.4,127,8,22228,46176
4126741986,1012,0,0,1,0,0,0,0,0,1,0,41,13,10,22,16,36056,28450,388,47,9.4,87,2,11634,13731,1,1,0,0,1,0,2,0,1,0,38,16,22,10,43,40958,34141,401,53,10.6,101,5,15374,19404
4126486529,1585,0,0,1,0,0,0,0,0,2,0,74,20,14,40,15,57889,43435,568,63,12.6,158,3,27985,18730,1,1,0,0,1,1,3,0,10,1,76,31,40,14,67,83516,57333,573,71,14.2,165,6,57059,60884
4125363745,1035,1,1,1,0,1,0,2,0,3,0,34,13,18,7,28,31723,34197,466,54,10.8,96,5,10417,36635,0,0,0,0,0,0,0,0,0,0,41,7,7,18,16,28389,26767,388,47,9.4,86,2,14683,9625
4125243537,1577,0,1,1,1,1,0,2,1,3,0,78,21,14,24,24,46049,48218,666,67,13.4,181,4,13018,51526,1,0,0,0,0,1,2,0,7,1,57,34,24,14,44,56789,53808,678,69,13.8,185,6,23974,55134
4125181013,931,0,1,1,0,0,0,0,0,2,0,32,17,7,19,8,21750,27388,335,44,8.8,89,1,10723,15340,1,0,0,0,1,0,1,0,2,0,44,16,19,7,34,29132,30835,404,50,10,70,6,5702,16900
4124979926,1831,0,0,0,0,0,0,2,0,2,0,84,36,22,32,51,80667,53325,699,70,14,145,5,48371,40057,1,1,1,1,1,1,2,1,11,3,99,42,32,22,70,102504,64786,667,76,15.2,227,9,36529,66079
4124953438,1361,1,1,1,0,0,1,1,0,9,2,55,29,27,21,36,58810,48846,542,63,12.6,119,7,18742,55957,0,0,0,0,1,0,2,0,1,0,62,32,21,27,36,48805,40324,481,59,11.8,125,6,16693,24199
4124850963,1527,1,1,1,1,1,0,3,1,5,0,66,35,30,20,49,69511,54203,595,68,13.6,191,8,26436,65245,0,0,0,0,0,0,1,0,1,0,71,28,20,30,39,66786,43214,467,60,12,122,4,18492,17632
4124417063,1795,1,1,1,1,1,1,4,2,9,2,75,26,38,22,72,97473,62783,600,77,15.4,182,9,61823,96215,0,0,0,0,0,0,0,0,2,0,67,28,22,38,29,90316,53523,654,73,14.6,182,6,31645,27875
4124110363,1636,1,1,0,1,1,1,1,1,8,1,115,37,19,9,48,51747,53237,685,69,13.8,161,4,15091,47892,0,0,1,0,0,0,3,0,4,0,94,45,9,19,14,47171,45190,688,63,12.6,197,3,26715,41679
4124060029,1725,0,0,0,0,0,0,0,0,3,0,103,56,18,32,33,53243,50784,713,67,13.4,150,4,15547,14394,1,1,1,0,1,0,4,0,7,0,119,52,32,18,55,71551,60452,714,71,14.2,186,9,27006,79873
4120640812,1504,1,1,0,0,1,0,2,0,2,0,75,30,29,17,43,79467,47664,562,67,13.4,129,8,13690,21178,0,0,1,0,0,0,2,0,3,0,66,21,16,29,20,42590,44131,544,62,12.4,184,4,15847,36302
4120513018,1150,1,1,1,0,1,0,2,0,2,0,44,25,15,2,29,36276,36776,545,58,11.6,117,5,35167,26926,0,0,0,0,0,0,1,0,1,0,50,16,2,15,2,35089,29144,494,49,9.8,117,0,15226,29670
4120336083,2166,1,0,0,0,1,1,3,0,8,1,120,47,25,25,60,96933,67401,804,81,16.2,280,7,36348,66332,0,1,1,1,0,0,2,2,5,0,111,59,25,25,54,91956,66465,831,79,15.8,200,4,33587,85099
4120244000,1813,0,0,1,1,1,0,1,1,4,0,99,34,12,25,23,61909,54695,746,73,14.6,165,2,28842,50463,1,1,0,0,0,1,4,1,11,3,88,48,25,12,32,75457,60662,769,75,15,239,6,37524,90719
4118590836,2556,1,0,1,1,0,1,4,1,10,2,144,46,17,22,35,95341,78658,1079,85,17,316,4,38635,89832,0,1,0,0,1,0,2,1,5,0,126,62,22,17,40,84492,75798,1064,86,17.2,254,5,49819,66583
4118495113,944,0,1,0,0,0,0,0,0,0,0,38,5,6,19,8,22728,24667,354,45,9,97,0,7621,4771,1,0,1,0,1,0,2,0,3,0,27,11,19,6,19,30345,32492,412,52,10.4,102,4,11629,26517
4118432488,1053,0,0,0,0,0,0,0,0,1,0,52,12,13,23,25,33574,33096,422,48,9.6,90,3,17193,15154,1,1,1,0,1,0,2,0,4,0,49,24,23,13,37,45901,37192,417,53,10.6,65,6,10587,23106
4118306793,2002,0,1,1,0,1,0,2,0,4,0,99,55,20,26,42,82356,58711,805,72,14.4,180,2,40480,54216,1,0,0,0,0,1,2,0,10,2,123,42,26,20,62,87750,66993,877,78,15.6,246,6,62316,61705
4105344112,940,0,0,0,0,0,0,0,0,0,0,33,11,8,19,10,22476,23860,335,45,9,53,1,8317,4119,1,1,1,0,1,0,1,0,4,0,39,11,18,9,26,33264,34490,416,52,10.4,99,4,8311,22246
4104917522,1670,1,1,0,1,0,1,1,1,9,2,109,32,20,15,42,55032,52447,643,69,13.8,168,5,15904,64550,0,0,1,0,1,0,2,0,2,0,81,55,15,20,23,44655,47461,703,65,13,193,4,25508,26046
4104540446,1027,0,0,1,0,0,0,0,0,1,0,34,13,3,9,1,22754,27322,438,47,9.4,105,0,7820,13188,1,1,0,0,1,0,3,0,2,0,41,15,9,3,14,24938,29374,421,51,10.2,99,2,23483,28507
4104397715,1649,0,1,0,0,1,0,1,0,3,0,76,25,22,34,23,50300,48356,576,63,12.6,151,5,15402,18195,1,0,1,1,0,1,2,1,7,2,94,39,34,22,67,73105,58292,613,73,14.6,190,6,21651,58105
4241563962,1573,0,0,0,0,0,0,0,0,3,0,63,26,14,35,20,63855,48034,687,67,13.4,161,2,16526,22694,1,1,1,1,1,1,4,1,10,2,71,29,35,14,54,64018,57907,705,75,15,163,7,30485,78469
4241451592,1715,0,1,1,0,1,0,2,0,5,0,75,37,35,36,63,97563,56255,525,68,13.6,184,8,31565,61083,1,0,0,1,0,1,2,1,7,1,86,34,36,35,71,110000,61838,603,72,14.4,143,12,29869,40522
4240992890,1373,1,1,1,0,1,1,2,0,9,2,46,14,29,18,45,73819,49046,514,64,12.8,154,4,41380,49718,0,0,0,0,0,0,1,0,0,0,52,18,18,29,24,67651,39172,500,61,12.2,102,5,13687,9516
4240660159,926,1,1,1,0,1,0,2,0,3,0,35,13,17,4,21,31514,33199,383,49,9.8,96,5,11167,33073,0,0,0,0,0,0,0,0,0,0,34,11,4,17,3,20932,22279,330,42,8.4,52,0,4931,3943
4240354239,2196,1,0,1,1,0,1,3,1,9,1,109,42,31,27,51,128572,72242,805,84,16.8,297,6,66909,89981,0,1,0,0,1,0,2,0,1,0,78,53,27,31,56,114148,64853,799,80,16,198,5,55731,31566
4240138715,1432,0,0,1,1,0,0,0,1,4,0,58,17,22,26,24,62778,45516,520,62,12.4,111,4,13458,39740,1,1,0,0,1,1,3,0,9,1,60,23,25,22,40,68698,51619,575,67,13.4,207,5,27208,51260
4239979256,1861,0,0,0,0,1,0,2,0,5,0,73,40,31,37,49,106981,58272,642,73,14.6,150,6,57689,33923,1,1,1,1,0,1,3,1,7,1,74,41,37,31,63,133865,65511,709,79,15.8,200,7,48490,68697
4239909363,1620,1,1,0,1,0,0,1,1,6,0,74,40,30,8,54,75639,53919,621,70,14,165,6,37564,57816,0,0,1,0,1,0,3,0,2,0,86,25,8,30,9,66933,41994,610,61,12.2,144,3,21389,25465
4239844329,1498,0,0,0,0,1,0,3,0,1,0,55,39,14,25,19,51316,43180,614,64,12.8,163,2,21445,29678,1,1,1,1,0,1,1,1,9,1,80,24,25,16,42,67688,51918,564,66,13.2,120,7,22612,61813
4237076217,2864,1,1,1,0,0,1,6,1,9,2,187,89,56,28,66,198526,95232,990,89,17.8,329,14,75646,167692,0,0,0,1,1,0,1,1,4,0,160,72,28,56,50,188806,82840,1038,89,17.8,221,5,50673,47753
4236209362,1448,1,1,1,0,1,1,3,0,9,2,53,20,37,17,55,76192,53974,553,66,13.2,137,7,24008,51014,0,0,0,0,0,0,0,0,0,0,64,19,17,37,20,57144,41224,522,60,12,109,4,25432,20085
4236142587,1790,0,1,1,0,0,0,0,0,2,0,68,39,20,38,30,74172,56083,734,75,15,150,3,16788,21606,1,0,0,1,1,1,4,2,11,4,84,34,38,20,71,92782,66281,716,83,16.6,230,7,28388,84873
4235811213,2358,1,0,0,0,1,1,5,1,11,4,140,63,37,24,63,124239,75167,751,84,16.8,237,6,71103,106858,0,1,1,1,0,0,1,2,5,0,110,54,24,37,36,112073,77531,994,87,17.4,207,7,39865,67362
4235211937,2422,1,0,0,1,0,1,3,3,7,2,96,52,40,32,92,170649,81888,883,87,17.4,237,8,78645,92279,0,1,1,0,1,0,2,0,6,0,117,39,32,40,54,181943,76118,939,84,16.8,256,8,79577,53724
4235038935,2206,0,1,0,1,1,1,2,2,6,1,106,38,26,27,47,117001,66983,783,83,16.6,226,8,50567,75544,1,0,1,0,0,0,3,0,7,1,118,44,27,26,45,132044,70418,869,85,17,288,5,68346,67119
4233009853,1698,0,0,1,0,1,0,3,0,2,0,87,38,17,27,20,59743,49535,717,66,13.2,162,6,23491,35584,1,1,0,1,0,1,1,1,7,1,81,33,27,17,54,87939,58013,699,74,14.8,181,6,31919,54733
4233011399,1265,0,0,1,0,0,0,1,0,1,0,53,21,4,14,9,33165,34519,570,55,11,135,0,12326,20694,1,1,0,0,1,0,2,0,3,0,58,25,14,4,34,38069,36665,512,58,11.6,108,3,22371,31237
4232843469,1618,1,1,1,1,1,1,4,1,9,1,86,36,40,15,67,78596,60378,650,74,14.8,157,6,33600,90137,0,0,0,0,0,0,0,0,4,0,83,32,15,40,20,55209,46339,647,64,12.8,151,2,14318,20552
4232833087,1258,1,1,1,0,0,1,0,0,11,3,50,20,37,11,40,75558,50317,579,67,13.4,110,6,14774,31877,0,0,0,0,1,0,1,0,0,0,55,17,11,37,12,40023,36134,505,59,11.8,135,1,16053,11640
4232673227,1370,1,0,1,0,0,1,2,0,6,1,50,27,25,16,33,66935,47270,541,64,12.8,145,6,16291,50960,0,1,0,0,1,0,1,0,1,0,60,23,16,25,19,49852,39521,573,59,11.8,95,3,15095,14100
4232304535,1372,1,0,1,1,1,1,2,1,7,1,72,27,23,12,30,59952,47134,611,67,13.4,142,5,20564,62745,0,1,0,0,0,0,0,0,2,0,76,23,11,23,19,46364,36670,534,57,11.4,116,4,15157,25791
4232135489,1537,0,1,0,0,0,0,1,0,1,0,80,37,14,22,23,60294,40878,580,59,11.8,115,2,10984,13541,1,0,1,1,1,1,2,1,10,1,71,31,22,14,38,50802,52015,697,68,13.6,142,5,32235,58804
4231892073,1802,1,1,1,1,0,1,2,1,10,2,62,38,33,13,60,105144,61838,668,76,15.2,224,8,27916,74816,0,0,0,0,1,0,2,0,2,0,89,25,13,33,25,57749,48975,717,69,13.8,132,1,28614,25861
4231554212,983,1,1,1,0,0,0,1,0,4,0,49,7,22,11,22,38005,36209,417,54,10.8,119,6,10983,30543,0,0,0,0,1,0,1,0,0,0,35,15,11,22,11,27402,27593,383,47,9.4,97,2,8577,10447
4231481467,1175,0,0,0,0,0,0,1,0,2,0,53,24,14,26,12,32620,34094,452,53,10.6,105,1,14356,23437,1,1,1,0,1,1,1,0,8,1,50,20,26,14,29,53048,43284,496,59,11.8,102,6,13871,45542
4231151563,1623,0,1,0,0,0,0,0,0,0,0,76,34,25,35,35,78653,47040,525,66,13.2,97,6,26603,4049,1,0,1,1,1,1,3,1,10,2,85,29,35,25,46,114313,57277,587,70,14,198,8,53526,70246
4230942397,1616,0,1,1,0,1,0,1,0,3,0,82,31,14,29,13,60652,43420,577,61,12.2,108,3,23971,24532,1,0,0,1,0,1,2,1,10,2,82,37,29,14,51,76788,55575,628,72,14.4,179,5,37498,69364
4230915010,1326,0,0,0,0,0,0,0,0,1,0,65,25,11,30,17,42733,34921,502,56,11.2,99,2,12268,11397,1,1,1,0,1,1,2,0,7,1,68,31,30,11,59,61583,45469,492,61,12.2,106,7,24303,49968
4230204841,1213,1,0,1,0,1,1,2,0,7,1,35,20,23,10,37,56336,44441,539,61,12.2,157,5,22573,50859,0,1,0,0,0,0,0,0,2,0,56,8,10,23,20,35454,33370,456,54,10.8,87,2,8561,10710
4229975726,1426,1,1,1,1,1,1,3,1,10,2,57,14,46,10,66,89583,58366,607,73,14.6,171,6,32187,68045,0,0,0,0,0,0,0,0,2,0,44,9,10,46,7,53157,38423,605,60,12,77,0,17939,8313
4229542906,1412,1,1,1,1,1,1,3,1,9,1,55,22,28,11,31,71756,50634,565,66,13.2,137,4,17232,74633,0,0,0,0,0,0,0,0,1,0,60,12,11,28,17,51635,39890,538,59,11.8,125,2,16496,13909
4228752344,1685,0,0,0,0,0,0,1,0,0,0,91,38,11,22,25,45732,42542,618,64,12.8,147,3,26241,9291,1,1,1,1,1,1,3,1,9,1,98,43,22,11,39,82091,56837,762,72,14.4,164,6,23866,69980
4227532963,1494,1,0,0,1,1,0,3,1,6,0,80,28,30,5,72,76971,51296,633,69,13.8,165,7,23918,58196,0,1,1,0,0,0,0,0,1,0,59,28,5,30,11,45612,40198,662,60,12,128,1,50123,17300
4227386495,1673,0,0,0,0,1,0,2,0,2,0,104,27,22,35,38,82222,48366,584,67,13.4,140,4,28115,27113,1,1,1,1,0,1,2,1,9,1,77,34,35,22,74,105556,62887,701,77,15.4,184,8,31432,73519
4227278479,2096,1,0,0,0,1,1,3,0,8,1,111,48,26,26,47,113667,64801,818,79,15.8,181,8,45243,51322,0,1,1,1,0,0,3,2,4,0,107,46,26,26,54,99880,64530,739,79,15.8,223,7,47526,90960
4227225657,1476,1,1,1,0,1,1,3,0,10,2,67,35,32,13,59,73563,52235,526,66,13.2,146,6,31517,54459,0,0,0,0,0,0,0,0,0,0,68,22,13,32,15,50347,38523,544,60,12,126,2,21083,14928
4226252789,932,1,1,0,0,1,0,1,0,3,0,38,14,15,6,20,29749,32600,442,49,9.8,83,4,6777,17107,0,0,1,0,0,0,1,0,1,0,31,9,6,15,6,16240,25330,371,46,9.2,88,1,10128,18910
4226146060,1621,1,0,0,1,1,1,3,1,9,2,72,41,26,22,52,73242,57204,697,73,14.6,168,7,20426,60807,0,1,1,0,0,0,1,0,2,0,87,31,22,26,23,49838,49874,657,69,13.8,149,4,14737,37100
4225290711,920,0,1,0,0,0,0,0,0,0,0,30,10,5,15,3,33486,22149,335,43,8.6,76,2,7503,7044,1,0,1,0,1,0,2,0,2,0,37,11,15,5,22,32277,29462,378,50,10,84,3,21051,24109
4225136570,1580,0,0,0,0,0,0,0,0,2,0,79,34,17,34,28,55917,43624,573,65,13,119,3,32130,8914,1,1,1,1,1,1,4,1,8,2,78,52,34,18,40,91467,60113,713,75,15,240,9,30480,88870
4225069903,1320,1,1,1,1,1,1,2,1,10,2,55,21,32,7,35,64300,51701,540,69,13.8,185,7,31264,70472,0,0,0,0,0,0,0,0,0,0,44,17,7,32,12,36376,33493,524,56,11.2,91,2,11648,2821
4225054326,1681,1,1,0,0,1,1,3,0,7,2,100,60,30,13,58,68569,52635,588,71,14.2,132,7,36599,47569,0,0,1,1,0,0,1,1,4,0,100,42,13,30,24,78069,48591,584,69,13.8,181,1,24445,42453
4224937366,1414,1,1,1,1,1,1,1,1,8,1,61,25,29,16,36,71658,53092,603,69,13.8,164,7,26800,60983,0,0,0,0,0,0,1,0,2,0,68,18,16,29,25,59272,41154,506,59,11.8,100,3,18849,27977
4224891658,1138,0,1,0,0,1,0,1,0,1,0,40,18,5,15,8,24881,28968,370,50,10,129,1,15697,20509,1,0,1,0,0,0,1,0,2,0,41,16,15,5,30,41070,35009,483,57,11.4,99,4,18031,18195
4223061077,2047,0,1,1,0,1,0,3,0,4,0,96,53,32,37,47,129476,62059,716,77,15.4,213,10,55895,55283,1,0,0,1,0,1,1,1,7,1,106,45,37,32,80,141479,67370,656,83,16.6,191,9,74250,56112
4222966815,1002,1,1,1,0,1,0,2,0,4,0,38,4,28,9,39,51329,35977,355,52,10.4,87,7,10352,29874,0,0,0,0,0,0,0,0,1,0,31,12,9,28,7,25910,26878,350,47,9.4,61,1,10732,5095
4222847666,1127,0,1,0,0,0,0,0,0,2,0,38,10,9,23,15,34593,29895,373,50,10,77,0,14669,9505,1,0,1,0,1,1,3,0,7,1,46,14,23,9,47,46022,38634,399,55,11,81,7,16849,45409
4222810614,1707,1,1,1,0,0,1,2,0,11,3,83,49,41,15,63,80026,62281,724,80,16,197,11,42506,75308,0,0,0,0,1,0,1,0,1,0,87,31,15,41,21,63971,49977,712,69,13.8,187,3,23108,24159
4222763533,1308,1,1,0,0,1,0,2,0,6,0,45,26,25,7,41,55880,45362,556,63,12.6,119,5,27588,39421,0,0,1,0,0,0,1,0,1,0,55,18,7,25,12,41390,35282,546,55,11,112,1,18103,13125
4218237494,1665,1,1,1,1,0,0,2,1,4,0,94,32,32,21,58,78649,58626,650,76,15.2,181,7,35723,80548,0,0,0,0,1,0,2,0,2,0,79,43,21,32,41,73005,49970,636,66,13.2,155,4,15640,26319
4216892789,1317,1,0,1,1,1,0,2,1,5,0,78,26,24,14,38,55621,44649,534,65,13,100,7,21645,48189,0,1,0,0,0,0,0,0,1,0,60,24,14,24,23,44589,37176,517,58,11.6,120,2,13425,9857
4216753503,1321,1,1,1,1,0,0,1,1,4,0,62,22,25,10,43,58379,50469,580,68,13.6,177,6,23865,54847,0,0,0,0,1,0,2,0,0,0,44,26,10,26,19,45058,34092,498,57,11.4,108,0,18672,17776
4216560666,2261,1,0,0,1,0,1,4,1,8,1,123,70,28,25,55,113755,71344,877,84,16.8,241,7,37100,88220,0,1,1,0,1,0,2,1,3,0,138,50,25,28,33,95413,66944,823,82,16.4,239,6,35275,42052
4216069997,937,1,1,1,0,1,0,2,0,3,0,41,9,16,4,23,27944,32691,387,50,10,121,3,13052,33225,0,0,0,0,0,0,0,0,0,0,33,16,4,16,8,21750,22493,354,42,8.4,59,0,5979,4187
4216075409,1668,1,0,0,1,0,1,0,1,7,1,73,25,32,26,54,93710,57428,623,77,15.4,191,8,27757,43416,0,1,1,0,1,0,3,0,4,0,76,29,26,32,42,79455,50474,582,68,13.6,141,6,21834,40431
4216061140,1566,0,1,0,0,0,0,0,0,2,0,77,41,15,36,33,58653,45988,652,65,13,148,3,25156,31948,1,0,1,1,1,1,3,1,7,1,87,44,36,15,69,76570,58422,651,74,14.8,182,7,17116,69515
4215966736,945,0,0,0,0,0,0,1,0,0,0,19,4,8,26,12,30235,22709,246,43,8.6,62,1,12277,8509,1,1,1,0,1,0,1,0,7,0,36,6,26,8,32,44309,37136,378,51,10.2,84,4,15095,31826
4215980399,1317,1,0,1,1,0,1,1,1,6,1,55,20,25,12,35,58764,46205,532,67,13.4,127,5,18523,44811,0,1,0,0,1,0,1,0,2,0,58,19,12,25,21,44262,39192,559,61,12.2,123,1,16826,37630
4215759559,1583,0,1,0,0,0,0,0,0,1,0,74,39,11,24,19,49474,43830,687,64,12.8,171,3,14720,28387,1,0,1,0,1,1,3,0,5,1,98,33,24,11,40,73377,51010,687,71,14.2,178,5,28183,49869
4215773214,1338,0,0,0,0,0,0,0,0,2,0,69,19,13,27,17,52816,37268,527,59,11.8,106,3,32063,12126,1,1,1,0,1,0,3,0,5,0,48,38,27,13,22,68976,47467,570,67,13.4,166,4,31800,60434
4215663649,1134,1,0,1,0,1,0,2,0,6,0,49,15,31,13,48,62771,43761,423,58,11.6,128,6,16053,53930,0,1,0,0,0,0,0,0,0,0,42,10,13,31,19,36067,30103,391,49,9.8,71,1,19962,2442
4215363858,1625,1,1,0,0,1,1,4,0,6,1,81,36,36,13,74,105157,56048,621,75,15,173,7,37651,78237,0,0,1,0,0,0,0,0,3,0,76,32,13,36,18,74792,44922,575,65,13,133,3,20225,42998
4214979998,2151,0,0,0,0,1,0,2,0,4,0,129,46,28,34,52,106081,66211,877,83,16.6,185,9,25460,52105,1,1,1,1,0,1,3,2,7,1,93,69,34,28,58,98224,73887,839,88,17.6,266,9,37843,84851
4214990276,1284,1,0,1,1,0,1,1,1,6,1,53,12,31,10,47,56082,50257,564,68,13.6,146,6,14425,60944,0,1,0,0,1,0,1,0,2,0,46,13,9,31,14,35876,35842,515,55,11,111,2,14767,24351
4214734117,1281,0,1,0,0,0,0,0,0,2,0,61,20,7,15,12,32359,33238,492,55,11,114,2,20766,26072,1,0,1,0,1,1,3,0,7,1,57,27,15,7,32,48730,40561,565,62,12.4,138,4,25592,44929
4214665912,1992,0,1,0,1,0,1,1,1,6,1,86,38,32,32,64,95726,61264,631,78,15.6,162,7,63778,63270,1,0,1,0,1,0,4,0,7,1,73,36,32,32,56,123909,66598,778,81,16.2,253,7,35392,68269
4214567366,1361,1,0,1,1,0,0,1,1,4,0,46,28,26,17,44,59950,49443,584,69,13.8,183,6,17454,59898,0,1,0,0,1,0,2,0,2,0,64,21,17,26,26,44341,41408,566,60,12,128,4,16288,21523
4214510083,1523,1,0,1,1,0,1,2,1,9,1,77,34,34,18,53,77324,57821,676,74,14.8,189,6,23985,72179,0,1,0,0,1,0,1,0,1,0,82,32,18,34,23,64428,42960,598,63,12.6,99,3,15634,14266
4214257445,2236,0,0,0,0,0,0,1,2,2,0,127,56,35,35,68,121162,70171,764,87,17.4,191,10,35411,71931,1,1,1,1,1,1,4,1,10,3,159,63,35,35,64,110810,75018,822,87,17.4,276,7,60371,95889
4214300686,1890,1,0,1,1,0,1,1,1,9,1,89,35,30,28,68,110559,65093,666,79,15.8,197,7,33256,65445,0,1,0,0,1,0,3,0,3,0,77,44,28,30,65,96257,58091,713,72,14.4,179,7,40350,39843
4213991159,1821,0,0,1,0,1,0,3,0,4,0,85,41,18,32,39,82122,53214,625,69,13.8,224,3,44977,55440,1,1,0,1,0,1,2,1,6,1,100,42,32,18,83,107793,60432,650,78,15.6,154,6,23516,51602
4213865508,1939,1,1,1,1,1,1,3,1,10,1,119,46,31,15,41,86587,68161,807,83,16.6,288,7,39489,91147,0,0,0,0,0,0,1,0,2,0,104,46,15,31,30,64296,54991,834,74,14.8,158,3,24009,29153
4213441509,1584,0,1,1,0,0,0,0,0,2,0,60,34,18,34,36,64203,46033,580,63,12.6,110,3,22003,6896,1,0,0,0,1,1,3,0,9,1,80,31,34,18,70,93517,56080,581,72,14.4,194,9,41502,57715
4212778061,1128,1,1,1,0,1,0,2,0,3,0,42,25,13,2,25,29373,36565,551,56,11.2,135,4,21912,40415,0,0,0,0,0,0,0,0,1,0,53,16,2,13,1,22625,28875,508,53,10.6,103,1,12529,10822
4212617083,2124,1,1,1,1,0,1,2,2,10,1,92,41,27,28,51,114444,69968,847,84,16.8,221,8,82001,77060,0,0,0,0,1,0,3,0,4,0,115,44,28,27,55,128612,63358,760,79,15.8,207,8,40135,73162
4211647338,1875,1,0,0,0,0,0,2,1,7,1,84,37,25,22,59,83326,61905,775,79,15.8,183,7,35321,64471,0,1,1,1,1,1,3,1,7,1,106,40,21,25,39,79477,57360,704,77,15.4,208,5,31831,77760
4211663289,1477,1,0,1,1,0,1,1,1,9,1,92,26,18,14,35,72180,49976,643,71,14.2,145,4,27584,71041,0,1,0,0,1,0,2,0,3,0,64,40,14,18,15,53451,42690,643,64,12.8,122,3,31812,29559
4211526181,1485,0,0,0,0,0,0,0,0,3,0,64,15,16,31,19,61765,43766,537,65,13,161,4,20872,23845,1,1,1,1,1,1,4,1,9,2,73,35,31,16,51,70017,53925,586,73,14.6,167,4,24896,79601
4211418387,1643,0,0,0,0,0,0,0,0,4,0,86,31,23,23,30,66855,51942,653,70,14,175,4,29456,42394,1,1,1,1,1,1,3,1,4,1,72,33,23,23,50,81552,54560,691,72,14.4,167,4,20508,42140
4211344801,1674,1,0,1,1,0,1,3,1,8,1,87,51,38,16,66,90339,60882,686,79,15.8,181,8,60535,72350,0,1,0,0,1,0,1,0,2,0,99,26,16,38,31,71576,47353,650,68,13.6,144,4,21697,22199
4210427204,1689,1,1,0,1,1,1,3,1,10,2,97,34,36,9,52,94850,59308,741,80,16,178,6,27972,80509,0,0,1,0,0,0,1,0,2,0,88,38,9,36,8,59893,47324,742,67,13.4,139,1,23940,25407
4210322448,1294,1,0,1,0,0,1,2,0,8,1,65,25,37,13,64,83567,50599,492,66,13.2,147,5,32906,50754,0,1,0,0,1,0,1,0,1,0,40,20,13,37,22,60071,35968,473,57,11.4,77,3,21534,15911
4209372132,1557,1,1,1,1,0,1,1,1,7,1,87,46,27,19,32,75223,52863,608,71,14.2,170,9,21584,56983,0,0,0,0,1,0,2,0,1,0,101,42,18,27,30,53732,44167,571,64,12.8,122,3,24992,28695
4209234345,1773,0,1,1,0,1,0,3,0,3,0,92,45,15,22,31,56302,52145,767,70,14,191,5,17856,39882,1,0,0,1,0,1,1,1,7,1,90,41,22,16,42,88603,58595,788,78,15.6,186,5,50189,75070
4209052195,941,0,0,0,0,0,0,0,0,0,0,28,12,3,16,4,21969,22107,345,43,8.6,68,0,7240,11020,1,1,1,0,1,0,2,0,3,0,43,14,16,3,25,31142,31529,404,51,10.2,97,4,14183,22365
4208873115,1460,0,0,0,0,1,0,1,0,0,0,50,32,10,23,18,59847,38684,587,60,12,139,2,20418,18750,1,1,1,0,0,1,2,0,5,1,82,24,23,10,41,66110,48090,621,67,13.4,144,6,31250,55396
4208646221,1203,0,1,1,0,0,0,1,0,2,0,42,14,9,16,16,29160,33534,464,51,10.2,107,3,10453,27673,1,0,0,0,1,0,2,0,3,0,65,16,16,9,31,39126,38023,512,56,11.2,122,4,19255,25361
4208432716,2229,0,0,0,1,0,0,1,1,4,0,98,58,20,34,41,80445,66538,858,82,16.4,219,5,33177,49266,1,1,1,0,1,1,4,1,8,1,127,47,34,20,90,114959,75139,907,87,17.4,263,9,33434,117395
4208294656,1482,0,1,1,0,0,0,0,0,4,0,71,25,15,25,30,56857,44873,569,66,13.2,148,2,20650,42908,1,0,0,1,1,1,3,1,10,2,72,36,25,15,50,73947,52369,676,73,14.6,137,6,27772,52887
4208183709,2463,1,1,0,1,1,1,3,1,11,3,146,70,34,29,35,119638,74394,903,84,16.8,232,6,56977,61920,0,0,1,0,0,0,3,0,2,0,164,62,29,34,66,134900,71878,898,87,17.4,201,8,34162,48661
4208093718,1146,1,1,1,0,0,0,1,0,5,0,57,29,26,11,51,48449,41784,505,59,11.8,120,6,15089,38850,0,0,0,0,1,0,1,0,0,0,59,28,11,26,22,35549,30140,422,53,10.6,80,4,11665,9300
4207617108,1932,0,0,0,0,1,0,2,0,3,0,67,32,22,49,42,106328,56118,666,73,14.6,162,7,51222,41299,1,1,1,1,0,1,2,1,7,1,85,26,49,22,94,134507,69552,676,83,16.6,199,14,30043,75500
4207670053,1296,0,1,1,0,1,0,1,0,3,0,61,16,10,26,9,53238,36540,506,56,11.2,116,2,14802,21215,1,0,0,1,0,0,1,1,3,0,73,24,26,10,42,63274,42880,515,66,13.2,129,7,30861,25503
4207425321,1628,0,0,0,0,0,0,0,0,2,0,66,29,14,31,20,68358,44552,673,67,13.4,114,3,27675,20993,1,1,1,1,1,1,4,1,8,2,78,24,31,14,57,92464,56935,641,74,14.8,199,5,38089,68040
4207338587,1358,1,0,1,1,1,0,2,1,4,0,67,27,23,14,43,54347,47785,561,68,13.6,201,6,20083,53191,0,1,0,0,0,0,1,0,1,0,58,23,14,23,18,40250,39469,552,60,12,105,2,19521,17188
4207361443,1838,1,0,0,1,1,1,2,1,7,1,106,49,35,36,62,110783,62379,618,78,15.6,185,9,27065,90825,0,1,1,0,0,0,1,0,5,0,91,43,36,35,51,100939,61641,648,74,14.8,175,8,43888,37005
4255795289,1244,0,0,0,0,0,0,0,0,0,0,42,20,11,28,19,46525,30394,347,50,10,76,2,24344,10440,1,1,1,0,1,1,3,0,6,1,59,11,28,11,46,61347,44730,486,57,11.4,135,6,30698,50499
4255761502,962,0,1,0,0,0,0,0,0,0,0,33,11,13,27,17,35698,27382,306,46,9.2,78,1,8264,4252,1,0,1,0,1,0,1,0,3,0,46,11,27,13,23,42472,36072,432,52,10.4,80,6,9881,21139
4255663162,1632,0,0,0,0,1,0,1,0,3,0,60,28,16,25,33,67495,45386,631,64,12.8,144,5,21165,26149,1,1,1,1,0,1,2,1,9,2,77,20,25,16,58,86546,54256,624,71,14.2,123,6,34539,65508
4255601634,1447,1,0,1,1,1,1,2,1,9,2,74,23,37,17,61,79831,54369,520,69,13.8,144,8,44931,53206,0,1,0,0,0,0,2,0,0,0,53,16,17,37,24,65595,40991,505,58,11.6,129,2,12868,23801
4255379515,1750,1,1,1,0,1,1,4,0,9,1,90,43,39,13,73,99457,61918,666,73,14.6,197,8,68713,73235,0,0,0,0,0,0,0,0,2,0,100,33,13,39,28,80460,46806,667,66,13.2,118,2,21625,17099
4255228631,1890,1,0,1,1,0,1,2,1,11,3,100,31,33,27,61,103658,64774,669,78,15.6,231,8,65538,71998,0,1,0,0,1,0,2,0,3,0,92,31,27,33,29,106529,56146,686,70,14,153,5,30743,46970
4252707261,1982,0,0,0,1,0,0,0,1,5,0,107,39,28,38,37,92097,62630,735,78,15.6,182,8,40141,41748,1,1,1,0,1,1,5,1,8,1,91,45,38,28,62,117797,68316,673,82,16.4,203,9,43168,77715
4251918236,932,1,1,1,0,1,0,2,0,3,0,36,7,18,5,15,34154,31481,389,51,10.2,86,5,19095,27720,0,0,0,0,0,0,0,0,0,0,35,8,5,18,7,29231,24154,371,46,9.2,105,0,10751,7980
4249716387,1015,0,0,0,0,0,0,0,0,0,0,43,17,7,15,9,21181,26266,365,47,9.4,92,2,11159,4788,1,1,1,0,1,0,2,0,5,0,43,10,15,7,10,31355,33716,451,52,10.4,108,3,10817,28998
4247346627,1353,1,1,1,0,1,1,3,0,6,1,49,16,24,17,31,50739,46320,523,66,13.2,149,4,25835,56888,0,0,0,0,0,0,0,0,3,0,59,6,17,24,23,60766,41685,572,63,12.6,123,7,17987,18623
4247333254,1261,1,1,0,0,0,0,1,0,5,0,65,19,27,12,60,51052,44601,489,61,12.2,125,5,14947,40063,0,0,1,0,1,0,2,0,3,0,42,28,12,27,16,52034,37857,534,55,11,104,2,12478,30053
4247328744,1030,1,1,0,0,0,0,1,0,5,0,49,20,25,9,31,41797,37243,472,54,10.8,93,7,6053,38600,0,0,1,0,1,0,1,0,1,0,38,15,9,25,13,27723,29068,333,47,9.4,86,2,13961,8954
4247161499,1958,1,1,1,0,1,1,3,0,9,1,112,55,39,14,90,112872,64898,690,79,15.8,220,10,51448,75778,0,0,0,1,0,0,2,2,4,0,120,35,14,39,20,81919,57592,767,75,15,158,2,43859,57763
4247052472,1537,0,0,0,0,0,0,0,0,0,0,66,31,15,17,31,49722,41628,562,63,12.6,160,2,18518,5152,1,1,1,1,1,0,4,1,6,0,76,28,17,15,23,51505,48724,638,67,13.4,195,4,24845,63993
4242033414,1643,0,0,0,0,0,0,0,0,1,0,73,31,20,40,29,74859,49005,617,66,13.2,126,5,25381,10860,1,1,1,1,1,1,3,1,9,2,64,26,40,20,76,94228,59948,562,73,14.6,176,10,32870,83148
4241849807,1895,0,0,0,0,0,0,0,0,3,0,105,38,35,37,53,120639,60897,659,77,15.4,166,11,39117,24964,1,1,1,1,1,1,4,2,7,1,71,39,37,35,57,121469,68499,701,82,16.4,194,8,63344,81053
4241836803,2024,1,0,0,1,0,1,2,1,7,1,142,59,18,15,25,99946,61459,807,77,15.4,243,5,43658,78216,0,1,1,0,1,0,3,0,3,0,116,51,15,18,25,67245,54218,725,70,14,206,5,27104,37890
4239392496,1236,0,0,0,0,0,0,0,0,1,0,41,12,9,21,19,36481,33254,422,52,10.4,107,1,27763,19839,1,1,1,0,1,0,3,0,2,0,51,18,21,9,49,60526,40095,456,59,11.8,148,3,29187,33203
4239164903,2669,1,0,0,1,1,1,5,3,11,5,135,47,38,50,86,167666,86651,776,89,17.8,275,7,86630,118343,0,1,1,0,0,0,2,1,4,0,122,54,50,38,94,214153,88184,991,89,17.8,229,13,76182,69584
4239025985,1717,1,1,0,1,1,1,2,1,8,1,75,35,26,23,49,80826,58255,689,74,14.8,188,5,19317,49428,0,0,1,0,0,0,1,0,3,0,85,24,23,26,33,63284,50466,665,68,13.6,153,6,19721,28447
4238878723,1223,1,1,0,0,1,0,1,0,3,0,54,15,24,12,33,47221,41123,515,59,11.8,105,5,15687,19698,0,0,1,0,0,0,1,0,2,0,50,17,11,24,20,38015,35773,487,55,11,114,4,11361,22557
4238834904,2034,1,0,0,1,1,1,4,1,10,2,88,42,33,25,63,113601,66643,719,79,15.8,193,7,36623,108873,0,1,1,0,0,0,1,0,6,1,95,37,25,33,55,104705,64127,784,77,15.4,196,6,36112,35316
4236315023,1394,0,1,1,0,0,0,0,0,2,0,49,17,12,26,16,40113,39987,590,57,11.4,123,3,15495,26783,1,0,0,0,1,0,3,0,5,0,55,19,26,12,46,56341,46370,593,63,12.6,160,7,19881,54423
4236105557,1434,0,0,0,0,0,0,0,0,3,0,78,22,8,31,8,49774,38910,555,60,12,142,0,23044,17979,1,1,1,1,1,0,2,1,5,0,68,34,31,8,51,75718,47642,553,68,13.6,99,7,22245,63755
4235949878,1242,1,1,0,0,1,1,2,0,6,1,49,23,21,7,31,48522,42013,541,58,11.6,108,6,21606,40762,0,0,1,0,0,0,0,0,2,0,54,18,7,21,11,35431,34423,503,54,10.8,144,1,27354,18762
4235878601,1541,1,1,1,0,1,1,2,0,7,1,94,38,22,7,42,64143,49963,658,66,13.2,146,5,28558,62999,0,0,0,0,0,0,1,0,2,0,81,34,7,22,14,36993,43043,709,64,12.8,155,0,18364,20383
4232242673,2718,0,0,0,1,0,0,1,3,9,2,160,74,29,31,48,113341,88150,1048,88,17.6,293,6,88263,115628,1,1,1,0,1,1,5,0,7,1,180,82,31,29,60,159513,87833,1112,88,17.6,326,8,51593,87477
4232200699,1371,1,1,1,1,0,1,1,1,7,1,46,26,38,14,37,69243,55776,596,68,13.6,166,12,28478,59861,0,0,0,0,1,0,2,0,0,0,67,16,14,38,21,57396,36535,463,58,11.6,113,2,14487,13292
4232080526,1527,1,0,1,1,1,1,2,1,6,1,69,23,36,16,50,95677,54995,585,71,14.2,162,5,34602,76354,0,1,0,0,0,0,0,0,0,0,59,34,16,36,23,61115,40081,527,59,11.8,86,5,22615,7730
4231598145,1868,1,1,1,1,1,1,4,1,6,1,82,26,35,20,62,106661,61087,634,75,15,199,8,42478,63723,0,0,0,0,0,0,1,0,4,0,72,35,20,35,37,100655,52969,637,72,14.4,142,4,42965,28248
4230266081,1684,0,0,1,0,1,0,1,0,3,0,101,28,27,33,55,74444,53617,600,67,13.4,132,6,24810,21024,1,1,0,1,0,1,2,1,8,1,70,43,33,27,44,100271,61543,648,74,14.8,219,7,38725,71630
4230208526,1702,0,1,0,0,1,0,1,0,1,0,75,21,29,45,38,88821,56364,674,72,14.4,159,7,23337,23265,1,0,1,1,0,1,2,1,11,3,66,27,45,29,72,115959,65528,659,77,15.4,181,8,38359,75172
4229721654,1364,0,0,0,0,1,0,1,0,2,0,78,25,14,22,22,45470,40093,539,59,11.8,112,4,16406,14967,1,1,1,0,0,0,1,0,2,0,53,36,22,14,39,48715,43835,572,61,12.2,148,5,21915,41222
4228279942,1829,1,1,1,1,1,0,4,1,6,0,79,39,48,33,59,118405,69246,679,81,16.2,259,11,43873,82609,0,0,0,0,0,0,0,0,0,0,82,27,33,48,52,107401,57126,708,75,15,121,6,36820,12460
4227969696,1266,1,1,1,0,1,1,3,0,10,2,48,9,38,18,50,71606,50262,472,59,11.8,114,10,19669,56141,0,0,0,0,0,0,0,0,1,0,49,11,18,38,21,44540,37139,422,54,10.8,93,3,19727,16091
4227530167,980,0,1,0,0,0,0,0,0,0,0,33,6,6,24,7,25927,24586,345,46,9.2,81,2,9418,13956,1,0,1,0,1,0,2,0,2,0,31,12,24,6,23,35777,34170,423,53,10.6,99,4,27324,29806
4227430077,1357,0,0,0,0,0,0,0,0,1,0,72,24,15,32,19,56180,38577,502,58,11.6,88,2,12842,12157,1,1,1,1,1,0,3,1,3,0,59,31,32,15,32,68622,48071,547,66,13.2,133,10,23897,63059
4227265183,1665,0,1,1,0,0,0,0,0,7,0,75,29,16,32,8,71627,49333,672,63,12.6,125,4,26684,45137,1,0,0,1,1,1,4,1,7,1,74,27,32,16,48,87009,55650,616,74,14.8,201,6,35572,65112
4227058495,1501,1,0,0,1,1,0,3,1,5,0,77,30,24,14,45,63432,49541,582,71,14.2,163,5,45538,57239,0,1,1,0,0,0,0,0,5,0,75,31,14,24,14,51850,44648,637,63,12.6,122,4,21447,24358
4224988597,2153,0,0,1,1,0,1,1,1,8,2,98,39,23,36,44,123966,63645,735,78,15.6,184,7,44662,58892,1,1,0,0,1,0,4,1,9,2,107,53,36,24,75,122704,72421,837,87,17.4,185,6,74158,71114
4224787553,1284,1,0,0,0,1,0,3,0,3,0,45,22,30,18,60,71578,46331,519,63,12.6,126,8,28690,35117,0,1,1,0,0,0,0,0,2,0,53,15,18,30,35,54879,39288,430,57,11.4,123,4,18116,16521
4222928079,1050,1,0,1,0,0,0,1,0,6,0,39,15,20,5,31,41990,38726,451,56,11.2,100,3,15455,32782,0,1,0,0,1,0,1,0,0,0,38,8,5,20,8,26238,24981,379,47,9.4,92,0,15163,17739
4222913538,1377,0,0,0,0,1,0,1,0,1,0,60,29,18,27,21,58028,38079,436,61,12.2,131,5,18776,11454,1,1,1,1,0,1,1,1,10,2,66,17,27,18,36,69508,51490,584,68,13.6,145,6,38289,69571
4222871985,1500,1,0,1,1,0,1,1,1,9,1,54,32,30,15,58,75886,54926,646,73,14.6,174,8,19829,49027,0,1,0,0,1,0,2,0,2,0,78,19,15,30,33,38226,41911,543,60,12,125,5,18221,28902
4222703051,2399,1,0,1,0,0,1,1,1,11,5,123,76,54,40,84,163215,84905,855,89,17.8,243,14,59952,84055,0,1,0,1,1,0,4,1,5,0,150,49,40,54,60,152661,81877,837,90,18,217,6,40592,77762
4218502020,1423,1,0,1,1,1,0,2,1,5,0,75,22,29,12,37,60639,49679,560,67,13.4,142,6,28245,53823,0,1,0,0,0,0,1,0,3,0,58,25,12,29,21,62727,38657,506,57,11.4,98,2,12003,21514
4218466693,1264,1,1,1,0,1,1,2,0,10,1,53,12,34,18,45,91106,49116,523,65,13,104,8,34125,44442,0,0,0,0,0,0,1,0,1,0,49,15,18,34,36,65460,38225,461,60,12,95,5,24812,13822
4218420630,968,1,1,1,0,0,0,0,0,4,0,50,8,24,12,41,42533,35717,318,52,10.4,94,5,13240,23380,0,0,0,0,1,0,1,0,0,0,28,11,12,24,13,31273,25762,325,45,9,52,3,9745,12014
4218331896,1408,1,1,1,0,1,1,3,0,7,1,70,17,28,12,45,65069,48888,569,65,13,159,5,13858,54625,0,0,0,0,0,0,0,0,3,0,51,20,12,28,16,43828,41204,575,61,12.2,131,3,16627,25453
4218250379,1491,0,0,1,0,1,0,1,0,3,0,56,21,16,33,31,52680,43877,568,62,12.4,112,3,17678,24805,1,1,0,1,0,1,2,1,5,1,57,23,32,16,46,75681,52440,558,72,14.4,165,9,34262,57387
4218098744,1492,1,1,1,1,0,1,1,1,8,1,82,25,35,17,53,78028,53119,586,71,14.2,115,8,23219,57520,0,0,0,0,1,0,2,0,3,0,59,29,17,35,26,64173,45651,556,65,13,134,7,18208,39981
4217552064,1033,0,0,0,0,0,0,0,0,0,0,36,10,6,16,11,27014,26524,379,48,9.6,85,0,12528,12934,1,1,1,0,1,0,2,0,7,0,33,9,16,6,22,38783,36830,435,54,10.8,111,4,11901,47629
4217420625,1537,0,0,0,0,0,0,1,0,3,0,74,18,13,31,31,66543,43234,521,64,12.8,127,3,26847,52629,1,1,1,1,1,1,3,1,8,2,62,30,31,13,48,86972,53050,572,71,14.2,187,7,42345,67246
4217209852,1573,1,0,0,1,1,1,4,1,9,2,80,29,36,24,50,90815,57259,645,77,15.4,181,9,26020,68541,0,1,1,0,0,0,0,0,7,1,62,31,24,36,30,73422,49868,622,67,13.4,99,6,15305,30675
4215971474,2396,0,0,1,1,1,0,3,1,4,0,112,70,25,30,48,121374,70357,893,85,17,268,8,58270,52043,1,1,0,0,0,1,3,1,9,1,134,54,30,25,53,142237,77350,895,90,18,290,5,95504,122284
4215861925,1993,0,1,0,0,1,0,3,0,5,0,99,35,36,39,45,133584,64769,711,80,16,234,11,41657,50864,1,0,1,1,0,1,2,1,8,1,81,41,39,36,79,123602,69648,709,85,17,164,10,40787,74661
4215529839,1214,0,0,0,0,0,0,0,0,0,0,34,12,14,40,15,52652,33649,392,55,11,96,0,9478,9373,1,1,1,0,1,0,3,0,6,0,41,13,40,14,54,76832,48481,442,63,12.6,126,8,29497,56406
4214446303,1628,0,0,1,0,1,0,3,0,3,0,67,29,17,29,33,65040,48941,593,66,13.2,162,3,19848,57470,1,1,0,1,0,1,1,1,11,3,63,26,29,17,51,77318,58147,673,75,15,146,5,19182,49372
4214366208,1415,0,0,0,0,0,0,1,0,1,0,62,22,10,28,16,49555,36346,522,58,11.6,96,1,21794,26194,1,1,1,0,1,1,3,0,9,1,57,18,28,10,44,73550,50731,604,69,13.8,173,6,34063,58102
4214361102,1371,0,0,1,0,0,0,0,0,3,0,48,16,8,22,8,50341,37194,551,58,11.6,95,1,15620,16405,1,1,0,0,1,1,2,0,8,1,62,15,22,8,31,66291,44980,534,64,12.8,129,5,15412,49231
4214305053,1421,0,0,0,0,1,0,2,0,1,0,67,15,22,28,30,58379,40274,419,59,11.8,104,6,19228,33714,1,1,1,1,0,0,1,1,6,0,46,23,28,22,30,69190,52634,563,66,13.2,205,7,20929,52740
4213578403,1586,1,0,1,1,1,0,3,1,6,0,74,38,20,13,31,72790,53015,672,71,14.2,196,7,21695,62719,0,1,0,0,0,0,1,0,1,0,76,24,13,20,25,49323,43844,567,66,13.2,145,3,31037,26156
4213532270,1581,1,0,1,0,0,1,3,0,5,1,62,31,24,16,46,66211,50274,631,68,13.6,144,7,21036,51939,0,1,0,1,1,0,1,1,3,0,74,17,16,24,30,75899,46243,583,66,13.2,148,2,33881,33663
4213470313,1438,1,1,1,1,0,1,2,1,9,2,57,25,39,21,61,86315,55810,554,70,14,132,10,19309,60545,0,0,0,0,1,0,1,0,0,0,65,19,21,39,35,75244,39886,427,62,12.4,103,4,25092,25166
4213391908,925,1,1,1,0,1,0,2,0,4,0,33,6,21,4,26,44106,34347,376,50,10,100,4,19442,34238,0,0,0,0,0,0,0,0,0,0,26,9,4,21,5,24559,21232,296,40,8,64,0,11426,2767
4213255019,811,0,1,0,0,1,0,1,0,0,0,16,5,1,10,1,9959,15412,198,29,5.8,44,0,7295,5501,1,0,1,0,0,1,0,0,7,1,21,3,10,1,16,19039,27942,359,44,8.8,55,4,4189,27988
4212926342,1363,0,0,0,0,0,0,0,0,4,0,83,23,9,23,14,34484,38947,584,57,11.4,109,2,11313,22909,1,1,1,1,1,1,3,1,9,1,61,29,23,9,46,52921,48410,541,66,13.2,143,5,15477,72248
4211557534,1540,0,1,0,0,0,0,0,0,3,0,83,30,7,24,11,41760,41812,620,61,12.2,154,1,13867,35228,1,0,1,1,1,1,3,1,8,1,89,32,24,7,59,54013,50933,581,70,14,156,5,21943,59397
4232573394,1886,1,1,0,1,1,1,2,2,9,2,85,47,34,24,55,95111,68509,792,80,16,213,10,33765,83538,0,0,1,0,0,0,2,0,4,0,113,42,24,34,28,73974,57015,747,73,14.6,169,6,35546,42244
4232492751,918,0,0,0,0,0,0,0,0,0,0,31,8,5,21,5,18136,22181,320,42,8.4,85,1,10212,3120,1,1,1,0,1,0,1,0,4,0,41,11,21,5,23,35205,35138,431,52,10.4,86,4,13070,18672
4227379588,1085,0,0,0,0,1,0,1,0,0,0,47,14,9,16,11,26675,28693,426,50,10,115,3,14219,15468,1,1,1,0,0,0,1,0,4,0,44,18,16,9,25,43639,35722,477,54,10.8,81,1,12574,34070
4222955290,1719,1,1,0,1,0,1,3,1,10,2,100,37,23,10,45,89068,55736,686,76,15.2,161,6,45769,62877,0,0,1,0,1,0,1,0,4,0,75,39,10,23,11,66402,47215,687,67,13.4,179,2,35992,19321
4222901168,936,0,0,0,0,0,0,0,0,0,0,31,12,5,28,6,21238,23397,340,44,8.8,68,0,9694,3195,1,1,1,0,1,0,2,0,3,0,38,18,28,5,39,42639,35226,378,52,10.4,98,4,13289,24913
4222855407,1541,0,0,1,0,0,0,1,0,3,0,80,40,22,38,27,70172,48407,572,66,13.2,146,5,13980,40334,1,1,0,1,1,1,2,1,5,1,81,30,38,22,60,77720,55102,539,73,14.6,124,10,34517,39266
4220436726,1601,1,0,1,1,1,1,2,1,9,1,77,47,23,17,35,94665,56166,646,75,15,252,7,40207,77719,0,1,0,0,0,0,1,0,0,0,103,26,16,23,28,65932,42463,575,64,12.8,88,4,25533,14979
4217740790,2041,1,0,1,0,1,1,4,0,9,2,119,35,35,36,70,168335,65768,656,82,16.4,210,8,62679,63481,0,1,0,1,0,0,1,2,4,0,93,43,36,35,74,141215,70811,737,85,17,188,9,106565,85832
4217472738,972,1,1,1,0,1,0,2,0,4,0,45,11,22,3,26,39460,35077,406,53,10.6,104,5,14403,34824,0,0,0,0,0,0,0,0,0,0,26,9,3,22,3,26701,23392,392,45,9,65,1,7484,7206
4216941024,1473,1,0,1,0,1,1,2,0,10,2,56,14,41,22,48,115573,56304,575,72,14.4,144,12,36001,62695,0,1,0,0,0,0,0,0,2,0,49,12,21,41,42,77225,44895,536,69,13.8,69,3,20789,11767
4216789811,1629,0,0,1,0,0,0,2,0,3,0,82,25,21,27,42,69479,49144,620,69,13.8,167,7,16250,46486,1,1,0,1,1,1,1,1,9,1,86,32,27,21,26,71385,58430,696,73,14.6,172,6,19355,60525
4216573409,1821,0,0,0,0,1,0,2,0,3,0,87,45,11,27,24,75467,51202,750,71,14.2,210,2,29690,37802,1,1,1,1,0,1,2,1,9,2,102,44,27,11,55,71629,60698,784,79,15.8,200,5,38321,71869
4211491708,1391,1,0,1,0,1,1,2,0,9,2,69,16,26,13,46,63366,49068,580,68,13.6,165,6,19582,61552,0,1,0,0,0,0,1,0,1,0,57,21,13,26,19,46362,39112,560,62,12.4,124,3,24507,21446
4211414401,1557,1,1,1,0,1,1,3,0,10,2,60,30,32,13,51,100013,56656,682,74,14.8,225,8,48970,67472,0,0,0,0,0,0,0,0,0,0,77,31,13,32,21,73479,42343,616,66,13.2,88,1,35300,4537
4211326214,1213,0,1,0,0,1,0,2,0,3,0,49,20,19,24,36,43746,39453,473,53,10.6,98,3,12992,44932,1,0,1,0,0,0,1,0,4,0,52,13,24,19,47,47825,42099,470,58,11.6,93,6,27264,21482
4210725194,1655,1,1,1,0,0,1,3,0,9,2,106,28,23,10,33,69534,53016,639,71,14.2,200,5,21383,51064,0,0,0,1,1,0,1,1,1,0,63,42,10,23,21,52450,46168,639,69,13.8,158,2,27274,41377
4210607036,1354,0,1,1,0,0,0,0,0,2,0,46,16,14,29,29,55318,40461,576,61,12.2,108,3,46787,10655,1,0,0,0,1,0,2,0,5,0,55,15,29,14,39,79858,46539,549,67,13.4,124,6,33984,48028
4210544654,1174,1,1,1,0,0,1,0,0,7,1,54,18,14,3,20,30278,39573,527,56,11.2,124,4,8290,42339,0,0,0,0,1,0,2,0,1,0,48,22,3,14,4,24728,28628,471,51,10.2,94,0,12426,15539
4208540749,1892,1,0,1,1,0,1,1,1,9,1,102,54,28,18,55,110491,71808,821,81,16.2,239,6,36029,64976,0,1,0,0,1,0,2,0,1,0,99,48,18,28,34,74237,53808,796,72,14.4,150,3,52553,24191
4207880258,918,0,0,0,0,0,0,0,0,0,0,35,15,3,19,5,26847,22626,357,43,8.6,69,0,6450,9130,1,1,1,0,1,0,2,0,1,0,41,15,19,3,21,28985,30665,387,50,10,106,5,8406,14169
4206501111,1118,1,1,1,0,0,1,0,0,4,2,0,0,46,29,131,93157,60924,211,87,17.4,0,18,39735,8083,0,0,0,0,0,0,0,0,1,0,0,0,29,46,70,93637,55715,211,79,15.8,0,8,9837,2759
4206197847,2087,0,0,0,0,1,1,3,0,6,1,80,26,40,36,62,135483,64868,636,83,16.6,233,12,23611,69256,1,1,1,1,0,0,1,1,8,1,86,21,36,40,46,104719,67706,661,85,17,190,7,38135,60246
4206140902,1314,1,1,1,0,0,0,0,0,3,0,36,10,32,21,30,68601,44398,442,67,13.4,115,7,14782,16467,0,0,0,0,1,0,2,0,2,0,48,13,21,32,21,50254,39126,475,61,12.2,90,6,17987,16204
4205783924,917,1,1,1,0,1,0,1,0,2,0,28,8,24,8,38,41551,31910,385,51,10.2,69,4,11484,18116,0,0,0,0,0,0,0,0,0,0,29,4,8,24,8,24697,23952,363,43,8.6,77,1,10597,11319
4205702275,1236,0,0,0,0,0,0,0,0,1,0,46,20,17,19,35,47583,36786,480,56,11.2,95,4,17583,15356,1,1,1,0,1,1,2,0,6,1,62,19,19,17,21,52736,42123,482,60,12,136,3,13755,43080
4204484753,967,1,0,0,0,0,1,0,0,4,1,0,0,44,32,106,107702,55077,201,80,16,0,13,14392,8840,0,1,1,0,0,0,0,0,1,0,0,0,32,45,64,69873,50012,186,74,14.8,0,9,27172,2728
4204457873,1361,1,0,1,0,0,1,0,0,4,2,0,0,78,45,197,201390,75814,243,90,18,0,21,79215,7671,0,1,0,0,0,0,0,0,2,0,0,0,45,78,97,153200,69673,254,90,18,0,13,41164,4335
4204328322,1156,0,1,0,0,1,0,1,0,1,0,56,10,13,20,17,28048,35684,483,56,11.2,114,3,17241,15656,1,0,1,0,0,0,1,0,5,0,57,22,20,13,28,49624,41091,528,58,11.6,125,6,8721,39303
4204007475,1639,0,0,0,0,0,0,1,0,1,0,78,26,19,25,38,70287,48612,627,71,14.2,140,3,13819,26193,1,1,1,1,1,1,3,1,11,2,74,45,25,19,51,73275,58669,728,76,15.2,177,6,27219,62658
4203914434,1419,1,0,1,1,0,1,2,1,6,1,65,30,18,15,21,48504,49998,614,67,13.4,218,5,13310,69096,0,1,0,0,1,0,1,0,2,0,66,16,15,18,26,36777,42912,566,60,12,132,2,20895,16729
4203882960,1087,1,0,1,0,0,0,1,0,4,0,42,8,15,6,27,32348,35533,462,55,11,97,5,13717,38704,0,1,0,0,1,0,1,0,0,0,31,17,6,15,5,26517,28539,493,51,10.2,100,1,11916,20539
4198552194,1760,0,0,1,0,0,1,1,0,5,1,67,20,36,42,33,86056,57925,573,74,14.8,173,7,49756,32739,1,1,0,1,1,0,2,1,4,0,59,20,42,36,46,108927,63353,605,82,16.4,175,12,25597,44762
4198462558,1585,1,1,0,1,0,1,3,1,8,1,73,17,36,15,71,103326,58464,576,78,15.6,185,8,74064,62710,0,0,1,0,1,0,1,0,2,0,50,28,13,36,21,79021,43684,546,65,13,119,3,32872,27616
4198395009,1035,1,1,1,0,1,0,1,0,3,0,57,11,19,5,28,41965,35302,450,56,11.2,113,4,27275,25512,0,0,0,0,0,0,0,0,0,0,34,23,5,19,5,33459,27022,469,49,9.8,77,1,13376,7176
4198306605,1587,0,1,0,0,1,0,1,0,0,0,48,22,21,32,31,86156,45132,536,67,13.4,117,4,23482,25688,1,0,1,1,0,1,2,1,9,2,66,22,32,21,63,100230,58309,583,75,15,187,10,83871,65244
